﻿<?xml version="1.0"?>
<doc>
<assembly>
<name>
Maiz
</name>
</assembly>
<members>
<member name="T:Maiz.My.Resources.Resources">
<summary>
  Clase de recurso fuertemente tipado, para buscar cadenas traducidas, etc.
</summary>
</member>
<member name="P:Maiz.My.Resources.Resources.ResourceManager">
<summary>
  Devuelve la instancia de ResourceManager almacenada en caché utilizada por esta clase.
</summary>
</member>
<member name="P:Maiz.My.Resources.Resources.Culture">
<summary>
  Reemplaza la propiedad CurrentUICulture del subproceso actual para todas las
  búsquedas de recursos mediante esta clase de recurso fuertemente tipado.
</summary>
</member>
<member name="P:Maiz.My.Resources.Resources.LogoAnh">
<summary>
  Busca un recurso adaptado de tipo System.Drawing.Bitmap.
</summary>
</member>
<member name="P:Maiz.My.Resources.Resources.MaizAcceso">
<summary>
  Busca un recurso adaptado de tipo System.Drawing.Bitmap.
</summary>
</member>
</members>
</doc>
